answer,isPublic,question
"The paper proposes a novel test-time adaptation method called TAST, which uses nearest neighbor information to generate pseudo-labels and train adaptation modules during test time. TAST outperforms state-of-the-art methods in domain generalization and image corruption tasks.",True,What is the main contribution of this paper?
The pseudo-label distribution for test data in Test-time Adaptation via Self-Training with nearest neighbor information (TAST) is defined by assigning the mean of the labels of the nearby support examples as the pseudo label for the test data. This is based on the idea that a test data and its nearest neighbors in the embedding space are more likely to have the same label.,True,Can you explain how the pseudo-label distribution is defined for test data in TAST?
"Test-time Adaptation via Self-Training with nearest neighbor information (TAST) utilizes trainable adaptation modules and a pseudo-label distribution based on nearest neighbor information to overcome domain shifts during test. By training these modules and using the average predicted class distribution, TAST extracts useful information for classification under the domain shift.",False,Could you elaborate on the primary course of action yeast used by Test-time Adaptation via Self-Training with nearest neighbor information (TAST) methodology overcome domain shifts during test?
"The limitations of existing test-time adaptation methods include inaccurate pseudo labels and overfitting, which leads to performance degradation. To address these issues, TAST proposes a novel method called Test-time Adaptation via Self-Training with nearest neighbor information, which uses trainable adaptation modules to match the pseudo label distribution and prototype-based class distribution for the test data and predicts labels using the average predicted class distribution from these modules.",True,What is the limitations of the existing methods? and how TAST overcome the limitations?
"The TAST method improves upon current Test-time adaptation methods by using trainable adaptation modules to match the pseudo-label distribution of test data to nearest neighbor information, and predicts the label using the average predicted class distribution from these modules. TAST outperforms state-of-the-art methods on domain generalization and image corruption tasks.",False,How does TAST differ or improve upon current Test-time adaptation methods?
"TAST is tested on four domain generalization (DG) benchmarks, are composed of VLCS, PACS, OfficeHome, and TerraIncognita, image corruption benchmarks. The DG benchmarks consist of various images from different datasets and domains, with different numbers of examples and categories. Image corruption benchmarks is composed of training and test dataset consists of clean and corrupted images. These benchmarks are designed to evaluate the robustness of the pre-trained classifier to unknown test domain.",True,Can you explain the experimental setup that TAST tested?
"Multiple adaptation modules were randomly initialized because this is part of the ensemble scheme for test-time adaptation. The projection heads are randomly initialized at the beginning of the test time, and they are trained by using the pseudo labels as a supervisory signal. This randomization helps extract useful information for the classification of the test data under the domain shift, using the nearest neighbor information.",True,"Why were multiple adaptation modules randomly initialized, and what specifically does this achieve?"
"The authors envision future improvements or advancements that could be incorporated into the present TAST algorithm include applying the pseudo labeling method to other fields that utilize unlabeled data such as representation learning or few-shot learning. Additionally, they expect that adaptation using the ensemble scheme can be combined with other methods in source-free domain adaptation or test-time training.",True,What particular future improvements or advancements do you envision could be incorporated into your present TAST algorithm?
"TAST uses multiple adaptation modules to extract information for test data classification under domain shift, using nearest neighbor information, rather than a single module, in order to potentially provide more robust and accurate predictions.",False,"You mentioned employing 'multiple randomly initialized adaptation modules.' How would these be useful and why were they chosen over utilizing a single, cohesive adaptation module?"
"As described in Appendix A, TAST and it variant, TAST-BN does not require much running time compared to the existing test-time adaptation methods.",True,Do these adaptation modules introduce any computational overhead?
"TAST-BN is a variant of TAST that fine-tunes the batch normalization (BN) layers instead of adaptation modules. For TAST-BN, the support set stores the test data itself instead of the feature representations since the embedding space of the feature extractor steadily changes during the test time.",True,What is TAST-BN? What is the difference compared to the original TAST?
"TAST and its variant, TAST-BN, maintain computational efficiency by using a BatchEnsemble, an efficient ensemble method that reduces the computational cost by weight-sharing, for the projection heads of TAST. The output dimension of each projection head is set to a quarter of the output dimension of the feature extractor, e.g., 128 for ResNet-18. They also use Kaiming He normalization for initializing the projection heads at the beginning of test time. ",True,"How do TAST and its variant, TAST-BN, maintain computational efficiency?"
"TAST-BN, a variant of TAST, outperforms the state-of-the-art method by 12 4% on average on the image corruption benchmark.",False,"Between TAST and TAST-BN, which one is better?"
"The paper does not provide information on whether Test-time Adaptation via Self-Training with nearest neighbor information (TAST) is supervised, semi-supervised, or self-supervised.",False,"Is TAST supervised, semi-supervised, or self-supervised?"
"When the number of classes is huge like ImageNet-C, one of the limitations of the TAST method is that it requires huge memory. Especially for TAST-BN, the whole support set should be limited since the support examples are fed into the classifier together with the test data.",False,"When the number of classes are huge like ImageNet-C, which problem can be occured in TAST or TAST-BN?"
"The TAST model uses multiple adaptation modules to extract information for classifying test data under domain shift, using nearest neighbor information. These modules are trained only a few times during test time to match the pseudo label and prototype-based class distribution of the test data, with pseudo-labels generated based on the intuition that a test data and its nearest neighbor are likely to share the same label.",False,Why did you utilize multiple randomly initialized adaptation modules in TAST model?
